group_name,item_code,item_name,declared_total_qty
Accessories,AC004,Gillette  Mach 3  ဓါး 4s,1
Accessories,AC017,ပလာယာအကြီး - S78,2
Accessories,AC029,Annasia လက်သည်းညှပ်ကြီး,1
Accessories,AC032,Gillette ဂျုတ် 1 ချောင်း,2
Accessories,AC038,Odbo Lip စုတ်တံ  OD-8050,1
Accessories,AC042,"City Girl ရေစိုဖော့ ( 1162,1160, 1153 )",1
Accessories,AC043,City Girl  ကတ္တီပါတို့ပတ် ( 1183 ),1
Accessories,AC047,City Girl  ချွန်စက်  ( 1174 ),1
Accessories,AC054,Odbo ကတ္တီပါ တို့ပတ် OD-843,1
Accessories,AC056,Birthday  မျက်‌တောင်တုကပ်ကော်,60
Accessories,AC062,Sivanna မျက်တောင်ကော့စက် HF-101,2
Accessories,AC068,Sasha ကိုယ်တိုက်ဇာပွင့် ( 4028 ),2
Accessories,AC070,Annasia ဖနှောင့်တိုက် Brush တွဲ,1
Accessories,AC083,3 Nurses ဂွမ်း,3
Accessories,AC093,Touch Me ဘဲဥပုံဖော့,5
Accessories,AC097,Lucky ဖေါ့,76
Accessories,AC103,Ear Lift Tape,1
Accessories,AC106,Bohktoh  မျက်ရစ်တိပ် ( New ),3
Accessories,AC109,Purity Ultra Compact  ဂွမ်း 100 ပါ,2
Accessories,AC110,Sasha ကတ္တီပါတို့ပက် 309,2
Accessories,AC120,Odbo Cushion Puff OD-898,1
Accessories,AC155,Bio Way Spa Powder,2
Accessories,AC504,Meilinda ဖေါ့ MC-5086,1
Accessories,AC507,Meilinda Eye Shadow စုတ်တံ MC-4291,1
Accessories,AC528,Valkyries No-8  Shadow စုတ်တံ,10
Accessories,AC541,Odbo Mochi Puff OD-8068,2
Accessories,AC553,Kiyoi Cotton Pad ( 120pcs ),4
Accessories,AC554,Kiyoi Cotton Pads ( 560 ပါ  ),1
Accessories,AC555,Kiyoi Cotton Pads ( 150 ပါ  ),4
Accessories,AC559,Kiyoi Gentle And Soft Cotton Pads ( 120 ပါ ),1
Accessories,CM186,Camella တို့ပတ်အကြီး,4
Arty,8852525236400,Arty Translucent Loose Powder,1
Arty,8852525628977,Arty Professional Loose Powder,2
Arty,8852525971189,Arty Professional Super Perfect Powder SPF25,2
Baby Care,BL010,Babimild Cream ( 50ml ) လိမ္မော်၊ပန်း၊ခရမ်း၊စိမ်း,2
Baby Care,GF085,Giffarine Teenie Milky Facial Foam ( 60g )B-120,1
Baby Care,GF153,Giffarine Kids Tooth Brush တွဲ B-53,1
Baby Care,SH004,Johnson's Milk + Rice Baby Bath ( 1000ml )1L,1
Baby Care,SH015,Johnson's Baby Oil ( 125ml ),1
Baby Care,SH028,DMP Organic PH 5.5 Baby Bath (480ml)+ Refill (350ml)တွဲ,3
Baby Care,SH029,DMP Organic PH 5.5 Baby Body Lotion ( 480ml )+ ( 200ml ) တွဲ,1
Baby Care,SH035,Kodomo Baby Lotion Powder ( 180ml ),1
Baby Care,SH189,Babimild Ultra Mild Head & Body ( 380ml ),6
Baby Care,SH196,Babimild Baby Oil ( 100ml ),9
Baby Care,SH209,D-nee Kids Sunscreen Lotion SPF-50 ( 150ml ),1
Baby Care,SH271,"Pureen Kids Yogurt Shampoo , Bath ( 750ml )",1
Baby Care,TC006,Babimild Talc  ( 350g ),1
Baby Care,TP054,Kao Japan Kids Toothpaste ( 70g ),1
Baby Care,TP140,"Jordan Kids Buddy1-4 , 5-10 Years တံ",1
Bags & Wallets,BG006,"Chalita 88269 , 88271",1
Bags & Wallets,BG008,Chalita 4026,2
Bags & Wallets,BG009,Chalita 88090,1
Bags & Wallets,BG011,Chalita 881,2
Bags & Wallets,BG012,"Chalita 88009, 6163, 88265",1
Bags & Wallets,BG020,Chalita 883,4
Bags & Wallets,BG035,Lingky KB-2419,2
Bags & Wallets,BG047,Lingky LK69405,1
Bags & Wallets,BG050,Lingky KB007,1
Bags & Wallets,BG056,Lingky 8516,2
Bags & Wallets,BG064,"Lingky 7804,7803",1
Bags & Wallets,BG071,"Lingky PY534, 531",1
Bags & Wallets,BG072,Lingky PL615,1
Bags & Wallets,BG108,Polo Shopping 51357,1
Bags & Wallets,BG109,Polo Shopping 51119,2
Bags & Wallets,BG118,Yagelaishi 2654,1
Bags & Wallets,BG135,Wanu 8354,1
Bags & Wallets,BG280,DK ခေါက်တို,1
Bags & Wallets,BG281,DK ခေါက်ရှည်,1
Bags & Wallets,BG292,HT ခေါက်ရှည် 165-18-3,1
Bags & Wallets,BG316,Kuromi 007,1
Bags & Wallets,BG338,Lingky 002,2
Bags & Wallets,BG339,Lingky ဇစ်ဆွဲအသေး 4009,3
Bags & Wallets,BG344,Lingky PY2001,1
Bags & Wallets,BG345,Lingky PY2008,1
Bags & Wallets,BG346,"Lingky KB 9914, LK2001",1
Bags & Wallets,BG347,Lingky 9125,1
Bags & Wallets,BG349,Lingky PY22,3
Bags & Wallets,BG350,Lingky PY02,1
Bags & Wallets,CC200,Polo 21190,3
Bags & Wallets,CC201,Polo 21043,1
Bags & Wallets,CC203,Polo ခရီးဆောင်အိတ် 21269,1
Bags & Wallets,CC224,Volunteer ဘေးလွယ် 1801-04 1802-18,1
Bags & Wallets,GL208,"Thames 51343, 51354, 51388, 51387",1
Bags & Wallets,LF242,Lorenzo  ခေါက်ရှည် B-06,1
Bath & Body,AC244,"Veet Lady,Men Hair Removal Cream Tube ( 150g )",1
Bath & Body,AC255,Vaseline Dry Serum  ( 45ml ),12
Bath & Body,AC258,A Bonne Banana Milk Cracked Heel Cream ( 50g ),1
Bath & Body,AC265,Rien Under Arm Care White Secret Essence ( 100ml ),2
Bath & Body,AC313,Femfresh Intimate Wash ( 150ml ),1
Bath & Body,BL008,Beauty Buffet Whitening Q10 Body Lotion ( 400ml ),1
Bath & Body,BL014,BP Hyaluronic Essence ( 1000ml ),1
Bath & Body,BL018,Cosnu Avocado Body Lotion ( 500ml ),1
Bath & Body,BL036,Amazing  Sweet Musk Body Lotion ( 300ml ),13
Bath & Body,BL053,DMP Organic Body Lotion Tube ( 180ml ),3
Bath & Body,BL074,Garnier Body Lotion ( 400ml ),12
Bath & Body,BL126,Mistine White Spa Lotion ( 200ml ),1
Bath & Body,BL128,Mistine Bulgarian Yogurt Body Lotion ( 500ml ),5
Bath & Body,BL146,"Nivea Extra Bright , Intensive Moisture Body Lotion ( 550ml )",13
Bath & Body,BL168,Revlon Whitening  Body Lotion ( 500ml ),7
Bath & Body,BL194,Vaseline GLUTA-HYA Pro-Age Restore Body Serum ( 300ml ),6
Bath & Body,BL197,Vaseline GLUTA-HYA Serum Tube ( 300ml ),2
Bath & Body,BL199,Vaseline Daily Sun Protection & Bright Serum ( 300ml ),1
Bath & Body,BL200,Vaseline UV Gluta Glow Lotion ( 500ml ),2
Bath & Body,BL201,Vaseline Daily Sun Refreshing Serum SPF 50 ( 170ml ),3
Bath & Body,BL202,Vaseline အဆီခဲ ( 50g ),6
Bath & Body,BL210,Vaseline Gluta HYA Serum 70X ( 300ml ),13
Bath & Body,BL212,Vaseline Superfood Freshlock Body Lotion ( 500ml ),1
Bath & Body,BL215,Watson's Milk Yogurt Body Lotion ( 530ml ),2
Bath & Body,BS012,Nivea Body Spray ( 150ml ),3
Bath & Body,BS022,Rasasi Body Spray ( 200ml ) အစုံ,46
Bath & Body,EU090,Eucerin Body Lotion F ( 400ml ) B-530,1
Bath & Body,GF050,Giffarine Roll On ( 50ml )  အစုံ B-120,16
Bath & Body,GF170,Giffarine Care Clean ( 240ml ) B-220,1
Bath & Body,GF303,Giffarine  Body Lotion ( 500ml ) B-240,6
Bath & Body,HG087,Cathy Doll Ready 2 White Body Lotion ( 150ml ),6
Bath & Body,RO001,Amway ( G & H ) Roll On  ( 100ml ),2
Bath & Body,RO006,Adidas Roll On ( 50ml ),1
Bath & Body,RO012,Amby Sports Roll On  ( 50ml ),1
Bath & Body,RO014,Beauty Buffet Collagen Roll On ( 50ml ),1
Bath & Body,RO025,Exit Men Roll On ( 32.5ml ),2
Bath & Body,RO031,Amazing Roll On ( 60ml ),2
Bath & Body,RO035,Code 10 Roll On ( 50ml ),1
Bath & Body,RO061,Old Spice Stick ( 85g ),1
Bath & Body,RO062,Degree Men B & W Stick ( 76g ) 72 Hours,1
Bath & Body,RO067,Gillette Gel ( 107g ),1
Bath & Body,RO069,Secret Gel ( 73g ) 48 Hours,1
Bath & Body,RO077,Maru Men Roll On ( 50ml ),2
Bath & Body,RO080,Mistine Uni Q Roll On ( 100ml ),2
Bath & Body,RO082,Mistine Roll On ( 100ml ) အစုံ,1
Bath & Body,RO083,Mistine Roll On ( 35ml ) အစုံ,1
Bath & Body,RO087,Pretty Story Roll On ( 50ml ) New,1
Bath & Body,RO091,Nuskin Scion Roll On ( 75ml ) B-335,1
Bath & Body,RO098,Oriental Princess White  Roll On ( 70ml )B-165,1
Bath & Body,RO099,Oriental Princess Roll On ( 70ml ) အစုံ B-105,1
Bath & Body,RO116,Vaseline Gluta Glow Roll On ( 45ml ),25
Bath & Body,SH051,Biore Shower ( 550ml ),7
Bath & Body,SH078,Green Plus Shower Liquid Soap ( 3800ml ),2
Bath & Body,SH090,Lux Shower ( 190ml ),4
Bath & Body,SH092,"Lux Shower ( 500ml , 450ml )",2
Bath & Body,SH113,Revlon White Shower ( 700ml ),1
Bath & Body,SH120,Shokubutsu Lady Shower  ( 900ml ),1
Bath & Body,SH121,Shokubutsu Men Shower  ( 850ml ),1
Bath & Body,SH122,Shokubutsu Lady Body Wash ( 500ml ),2
Bath & Body,SH130,Tracia Goat Milk Shower Cream ( 1000ml ),1
Bath & Body,SH132,Vaseline Gluta Glow Body Wash ( 425ml ),12
Bath & Body,SH152,Voi Body Wash ( 750ml ),1
Bath & Body,SH156,Tea Tree Shower ( 500ml ),1
Bath & Body,SH159,D Family Body Wash ( 1000ml ),1
Bath & Body,SH171,Good Virtues Hand & Body Lotion ( 150ml ),1
Bath & Body,SH235,Smile Wet Tissue 80-ပါ,4
Bath & Body,SH241,Herballine Shower ( 1000ml ),4
Bath & Body,SO012,Bennett Whitening Soap ( 130g ),1
Bath & Body,SO078,Jeuno Soap,1
Bath & Body,SO082,NIRIKO Rice Milk Gluta Collagen Soap ( 150g ),1
Bath & Body,SO085,Suphana Tamarind Herbal Soap ( 160g ),2
Bath & Body,SO093,Lux Soap ( 70g ),1
Bath & Body,SO097,Sugar Gluta Tamarind Scrub ( 700g ),3
Bath & Body,SO158,"Deleaf Thanaka, Pomegranate Soap ( 100g )",5
Bath & Body,SO180,Yardley Soap 3 - ခဲတွဲ,1
Bath & Body,TC076,Tabu Talc ( 200g ),1
Bath & Body,TP001,Amway ( G & H ) Toothpaste ( USA ),1
Bath & Body,TP018,Colgate Advanced Whitening Toothpaste ( 135g ),1
Bath & Body,TP019,Colgate Total Charcoal Toothpaste ( 150g ),1
Bath & Body,TP021,Colgate Max-Fresh Toothpaste ( 133g ),3
Bath & Body,TP022,Colgate Max White Toothpaste ( 170g ),2
Bath & Body,TP027,Darlie Original Strong Mint Toothpaste ( 150g + 150g ) 2ဗူးတွဲ,2
Bath & Body,TP030,D.dent 5 in 1 Peppermint Herbal Toothpaste ( 100g ),8
Bath & Body,TP033,Dentiste Toothpaste Tube ( 160g ),1
Bath & Body,TP036,Smile On Toothpaste ( 250g ),3
Bath & Body,TP039,Ioderm Bamboo Salt Toothpaste ( 150g ),3
Bath & Body,TP046,Sensodyne Toothpaste ( 160g ),4
Bath & Body,TP047,Sensodyne Toothpaste စိမ်း ၊ ပြာ ( 150g ),1
Bath & Body,TP070,ISME Rasyan Herbal Toothpaste ( 25g ),12
Bath & Body,TP084,Marvis Toothpaste ( 85ml ),1
Bath & Body,TP101,Amway Tooth Brush,1
Bath & Body,TP106,Berman Active Tooth Brush တွဲ,2
Bath & Body,TP112,Berman Complete Tooth Brush တွဲ,2
Bath & Body,TP122,Colgate Deluxe Tooth Brush,3
Bath & Body,TP124,Dentiste Tooth Brush ရိုးရိုး အလွတ်,10
Bath & Body,TP136,Jordan Individual Tooth Brush,1
Bath & Body,TP137,Jordan Target White Tooth Brush,1
Bath & Body,TP150,"Oral B Black Tea, Green Tea တံ",4
Canmake,4901008312118,Canmake Cream Cheek,1
Catrice,4059729367006,Catrice The Electric Rose Eyeshadow Palette,2
Catrice,4059729402189,Catrice Scan Dalous Matte Lip Stick,1
Catrice,4251232217605,Catrice Khol Kajal Inside Eye Liner,2
Catrice,8852525019010,Catrice 360 Skin Perfect Powder,1
C'Care,8853238101191,C'Care UV Sun Extrawhite Body Lotion ( 75ml ),1
Coolors,3701365760239,Coolors Note Flawless Matte Foundation ( 25ml ),1
Coolors,3701365768174,Coolors Note Flawless Lip Stick,1
Coolors,CS000007,Coolors Bergamo Vita Shine Dark Spot Serum ထုပ်,3
Coreana,8804014175035,Coreana Lavida Moisture Toner Moist Type ( 200ml ),1
Coreana,8804014175059,Coreana Lavida Moisture Emulsion ( 120ml ),2
Coreana,8804014179965,Coreana Premium Sun Solution SPF 50 ( 80ml ),1
Coreana,8804014215021,Coreana Senite Nokdu Pure Toner ( 150ml ),2
Coreana,8804014215038,Coreana Senite Nokdu Pure Emulsion ( 150ml ),2
Coreana,8804014242041,Coreana Senite Homme Black Shield Set ( 150ml ),1
Coreana,8804014243741,Coreana Senite Fresh Calming Sun Cream SPF 50 ( 70ml ),1
Coreana,8806334329051,Coreana Daysys Essential Skin Toner ( 200ml ),1
Coreana,8809339068611,Coreana Maxclinic Stem Cell Core Tension Ampoule ( 100ml ),1
Coreana,8809625242138,Coreana Rom&nd Zero Matte Lip Stick,1
Coreana,8809625242749,Coreana Rom&nd Juicy Lasting Tint,1
Coreana,8809625244460,Coreana Rom&nd Blur Fudge Tint,1
Dabo,8809351950451,Dabo Black Force All in Serum ( 150ml ),1
Dabo,8809351950468,Dabo Rose Gold Flora 24K Gold Essence ( 130ml ),2
Dabo,8809351950475,Dabo Black Force Men Foam ( 120ml ),1
Dabo,8809351950581,Dabo Collagen Lifting Sun Cream SPF 50 ( 70ml ),1
Dabo,8809351952264,Dabo Tea Tree Foam ( 150ml ),1
Dabo,8809351953650,Dabo Collagen Lifting Toner ( 60ml ),1
Dabo,8809351953667,Dabo Collagen Lifting Emulsion ( 60ml ),1
Dabo,8809351953728,Dabo Hyal The Cera Water Glow Serum ( 80ml ),1
Dabo,8809351954053,Dabo T Tree Cica Clear Toner ( 210ml ),1
Dabo,8809351954060,Dabo T Tree Cica Calming Ampoule ( 50ml ),1
Dabo,8809351954084,Dabo 30 Days Peptanol B5 Base Toner ( 300ml ),1
Dabo,8809351955371,Dabo Charcoal Cleansing Foam ( 150ml ),1
Dabo,8809351956071,Dabo Solution Mask All Colours,1
Dabo,8809351956415,Dabo BB Fit Foundation ( 8ml ),1
Dabo,8809351957801,Dabo Nature Mask All Colours,2
Eushido,4897083800018,Euavdo Water Collagen Shampoo ( 300ml ),1
Eushido,4897083800094,Euavdo Water Collgaen Conditioner ( 300ml ),1
Eushido,4897083805914,Euavdo Baby Shampoo & Body Wash ( 500g ),1
Eushido,4897083806034,Eushido Hair Coloring Cream,2
Farm Stay,8809446652000,Farm Stay Visible Difference Mask Sheet,1
Farm Stay,FS000004,Farm Stay Intensive Moisture Foot Cream ( 100ml ),1
Follow Me,9556171501958,Follow Me Nutox Youth Restoring Cleansing Gel ( 150ml ),1
For The Skin,8809442168673,For The Skin White Organia Premium Beer Shampoo ( 500g ),2
For The Skin,8809598150065,For The Skin Collagen Vital Firming Ampoule ( 100ml ),1
For The Skin,8809598150096,For The Skin Collagen Foam Cleansing ( 180ml ),1
For The Skin,8809598150102,For The Skin Snail Cleansing Foam ( 180ml ),1
For The Skin,8809598150164,For The Skin Hyaluron Sun Care SPF 50 ( 70ml ),1
For The Skin,8809598150300,For The Skin Real Vegifarm Double Shot Mask,2
For The Skin,8809783320655,For The Skin Tea Tree Blome Calming Toner ( 200ml ),1
For The Skin,8809783321416,For The Skin Tea Tree Blome Calming Cream ( 80ml ),1
For The Skin,8809783321898,For The Skin Tea Tree Blome Calming Acne Foam ( 180ml ),1
For The Skin,8809783322734,For The Skin Tea Tree Biome Calming Ampoule ( 50ml ),1
For The Skin,8859762800821,For The Skin For The Face Liquid Foundation ( 30ml ),2
For The Skin,8859762800951,For The Skin For The Face Cushion ( 12g ),2
For The Skin,SBM000014,For The Skin Tea Tree Blome Calming Sleeping Pack,1
Garnier,GA001,Garnier Bright Complete Foam ( 100ml ),3
Garnier,GA007,Garnier Bright Complete Vitamin C Day Serum Cream  ( 50ml ),4
Garnier,GA011,Garnier Bright Complete Booster Serum ( 30ml ),3
Garnier,GA015,Garnier Serum Mask,6
Garnier,GA028,Garnier Sakura Glow Ceramide Water Gel ( 50ml ),3
Garnier,GA042,Garnier Super UV VitaminC SPF50 ( 30ml ),3
Garnier,GA043,Garnier Men Facial Foam ( 100ml ) အစုံ,1
Garnier,GA045,Garnier Men Turbo Bright Spotless Serum SPF-50 ( 40ml ),3
Garnier,GA047,Garnier Men Anco Fight Brightening Serum Cream ( 40ml ),3
Garnier,GA048,Garnier Men Turbo Bright 5x Vitamin C Serum Gel ( 30ml ),2
Garnier,GA049,Garnier Men Acno Fight Super Serum Gel ( 30ml ),1
Hair Care,HC001,Bad Lab Hair Cream ( 325g ),2
Hair Care,HC010,Caring Hair Spray ( 220ml ),2
Hair Care,HC029,Schwarzkopf Silhouette Hair Spray ( 500ml ),1
Hair Care,HC037,Nash Hair Lotion ( 370ml ),13
Hair Care,HC043,MG 5 Oil ( 150ml ),1
Hair Care,HC044,MG 5 Hair Tonic ( 300ml ),1
Hair Care,HC045,Restoria Hair Cream ( 250ml ),12
Hair Care,HC049,D'Cash Moss Hair Serum ( 200ml ),1
Hair Care,HC051,Dr.In Hair Cream ( 120g ),1
Hair Care,HC053,D'Cash Moving Hair Mousse ( 200ml ),1
Hair Care,HC071,Bio Way Mahaad Hair Tonic ( 120ml ),2
Hair Care,HC094,Gatsby Hair Spray ( 180ml ),1
Hair Care,HC106,Revlon ColorSilk Hair Color,1
Hair Care,HC107,Revlon Top Speed Hair Color,4
Hair Care,HC108,7.8 Hair Color,26
Hair Care,HC115,Just Modern Hair Color,1
Hair Care,HC116,D'Cash Max Speed Floral Color Shampoo ထုပ်,2
Hair Care,HC119,Bigen Speedy Hair Color ( Japan ),2
Hair Care,HC122,Odbo Magic Touch Hair Shadow OD1-107,2
Hair Care,HC124,Schwarzkopf Natural Easy  ဆိုးဆေး,2
Hair Care,HC141,BSC Treatment ( 450ml ) B-245,24
Hair Care,HC147,Boya Q10 Treatment ( 500ml ),1
Hair Care,HC149,N9 Treatment ( 1000ml ),1
Hair Care,HC150,Carebeau Keratin Hair Treatment ( 500ml ),12
Hair Care,HC152,X-Cute Me Hair Treatment ( 450ml ),1
Hair Care,HC181,Shiseido Tsubaki Repair Mask ( 180g ) + ( 150g ) ပန်း/ရွှေတွဲ,1
Hair Care,HC202,Apple Nouvelle Hair Coat ( 165ml ),1
Hair Care,HC210,Berina Silky Hair Coat ( 85ml ),3
Hair Care,HC215,Crystal Film Hair Serum ( 125ml ) QC,18
Hair Care,HC237,Gold Capsule ( အထုပ် ) 30- ပါ,2
Hair Care,HC250,Loreal Elseve Extraordinary Oil ( 100ml ),5
Hair Care,HC264,N9 One Minute Hair Coat ( 125ml ),2
Hair Care,HC282,Silk n Shine Coat ( 100ml ),3
Hair Care,HC293,Eushido Dry & Bifurcated Hair Oil ( 70ml ),1
Hair Care,LL022,Lolane ဆိုးဆေး M1,2
Hair Care,LL046,Lolane Water Gel ( 250ml ) ဝါ,2
Hair Care,SP012,Bio Way Butterfly Pea Herbal Shampoo ( 240ml ),1
Hair Care,SP020,Carebeau Keratin Shampoo ( 400g ),6
Hair Care,SP023,"Clear Shampoo ( 400ml , 370ml , 390ml )",15
Hair Care,SP041,Dr. In Shampoo ( 500ml ),1
Hair Care,SP078,"Head & Shoulders Shampoo ( 370ml, 400ml )",2
Hair Care,SP096,Loreal Shampoo ( 410ml ) အစုံ,25
Hair Care,SP122,Nizoral Shampoo ( 50ml ),4
Hair Care,SP123,NIGAO Color Maintain Shampoo ( 300ml ),1
Hair Care,SP128,OGX  Shampoo ( 385ml ),2
Hair Care,SP171,Rejoice Shampoo ( 370ml ),1
Hair Care,SP191,"Tresemme Shampoo ( 450ml , 370ml )",13
Hair Care,SP203,"YVES ROCHER Anti-Dandruff, Hair Loss ( 300ml )",1
Hair Care,SP230,Shiseido Tsubaki Premium Ex Intensive Repair Shampoo ( 490ml ),1
Holika,6943216570308,Holika Argan Oil Styling Cream ( 280ml ),1
Holika,6943216570933,Holika 11 in One Hair Treatment ( 250ml ),2
Holika,8809295272312,Holika Prorance Sun BB Foundation SPF 50 ( 50g ),1
Holika,8809435400667,Holika Crome Snail BB Cream ( 50ml ),1
Jejudo,8859737701993,Jejudo Intensive Serum ( 30ml ),2
JM Solution,8809161522336,JM Solution Rokkiss Tea Tree Peeling Gel,1
JM Solution,8809161522725,JM Solution Rokkiss Tea Tree Moisturizing Cream,1
JM Solution,8809161529373,JM Solution Rokkiss Calendula Skin Toner ( 150ml ),1
JM Solution,8809161529380,JM Solution Rokkiss Calendula Emulsion ( 150ml ),1
JM Solution,8809505547681,JM Solution Face Mask,2
JM Solution,8809554961094,JM Solution Rokkiss Vita Ful Moisture Cream ( 120g ),1
JM Solution,8809642570719,JM Solution Openwork Brightening Serum ( 80ml ),2
JM Solution,8809711712255,JM Solution Prime Gold Toner ( 600ml ),1
JM Solution,8809743541571,JM Solution Rokkiss Collagen Ampoule ( 55ml ),1
JM Solution,8809794734564,JM Solution AC Clear Cleansing Foam ( 150ml ),1
JM Solution,8809817900112,JM Solution Rokkiss Real Fresh Mask Pack,5
JM Solution,8809817901683,JM Solution Rokkiss Cleansing Balm ( 150ml ),1
JM Solution,JM000003,JM Solution H9 Cleansing Water ( 500ml ),1
Kanebo,4973167150108,Kanebo F2 Freshel Moisture BB Cream NB ( 50g ),2
Kanebo,4973167154304,Kanebo F2 Freshel Moisture BB Cream MB ( 50g ),1
Kanebo,4973167209622,Kanebo F2 Kate Secret Skin Zero Foundation ( 30ml ),1
Kanebo,4973167936467,Kanebo F2 Kate Zero Feeling Powder Foundation,1
Kanebo,4973167937785,Kanebo F2 Media Cream Foundation,2
Kiss Me,4901433139939,Kiss Me 3D Nose Eyebrow 01,1
KMA,8852525011304,KMA Water Resist Liquid Foundation ( 30ml ),1
Kracie,NA002,Kracie Naïve Facial Foam ( 200g ),12
Kracie,NA003,Kracie Naïve Facial Foam ( 130g ),13
LIFE,6930338520915,Life White Treatment Essence ( 30ml ),1
Loreal,6941594509156,Loreal Glycolic Bright Peeling Toner ( 128ml ),1
Loreal,8991380233237,Loreal Revitalift Toner ( 200ml ),1
Loreal,8994993014682,Loreal UV Defender SPF 50 ( 50ml ),1
Loreal,8994993016532,Loreal Glycolic Bright Facial Foam ( 100ml ),3
Loreal,8994993016563,Loreal Glycolic Bright Night Cream ( 50ml ),1
Loreal,8994993016587,Loreal Glycolic Bright Serum ( 30ml ),3
Makeup,05119,Odbo Eye Brow Pencil OD-760,12
Makeup,CM001,Camella Soft & Smooth Face Powder,1
Makeup,CM012,Camella Extra Lasting 2way Powder Cake,1
Makeup,CM032,Camella Eye Brow Cake,2
Makeup,EC001,About U Blush On,1
Makeup,EC008,Meilinda Mood Mellow Eye Palette MC-3110,12
Makeup,EC014,Meilinda Glitter Shot Shadow MC-3108,14
Makeup,EC015,Meilinda Super Black Eye Liner Pen ( MC-3092 ),13
Makeup,EC019,Nee Cara 9 Color Eyeshadow N-137,1
Makeup,EC020,Nee Cara Liquid Eyeliner N-450,24
Makeup,EC021,Nee Cara Sunshine Blush N-348,1
Makeup,EC024,Nee Cara 3D Fiber Lashes Mascara N-190,31
Makeup,EC025,Maybelline Hypercurl  Mascara,28
Makeup,EC030,Sivanna 3D Luxury Length Curling Mascara HF-212,27
Makeup,EC031,Sivanna Dense Bouncy Mascara HF-932,24
Makeup,EC032,Sivanna Cookie Blush On DU-278,24
Makeup,EC033,Sivanna Natural Air Sensation Eyebrow Mascara HF-514,12
Makeup,EC034,Sivanna Length Curling Inspire Mascara HF-936,9
Makeup,EC035,Sivanna 2 IN 1 Extensions Mascara HF-220,3
Makeup,EC036,Sivanna Caramel Eye Palette HF-623,12
Makeup,EC037,Sivanna Lovely Mood Shadow Set HF-147,12
Makeup,EC042,Sivanna Rainbow Volume Length Mascara HF-210,24
Makeup,EC043,Sivanna Colorful Coral Eyeshadow Palette HF-659,13
Makeup,EC046,Sivanna Sunny Coral Blush HF-8108,2
Makeup,EC047,Sivanna Liquid Eyeliner Pen HF-9031,19
Makeup,EC048,Sivanna Bright Eyes Vivid Long-Lasting Eyeliner HF-815,7
Makeup,EC049,Sivanna Kill Black EP-030,29
Makeup,EC051,Sivanna Rose Cat Eye Liner Pen HF-896,28
Makeup,EC052,Sivanna Sweet Moment Palette HF-705,12
Makeup,EC054,Sivanna Fantastic Blush On DU-105,36
Makeup,EC055,Sivanna Big Lash Mascara HF-9047,15
Makeup,EC059,Sivanna Extra Curl Marcara HF-9046,14
Makeup,EC060,Sivanna 5X Mascara  HF-893,24
Makeup,EC061,Sivanna Make Silky Magic Eyeliner HF-9014,25
Makeup,EC063,Sivanna Tow Colour Highlighter HF-955,1
Makeup,EC064,Sivanna In The Peach Pro Eye Brow Cake HF-624,12
Makeup,EC065,Sivanna Botanic Mauve Blush HF-8110,12
Makeup,EC067,Sivanna Epic Eye and Cheek Palette HF-4034,7
Makeup,EC068,Sivanna Soft Blurring Double Eye Palette HF-620,18
Makeup,EC070,Sivanna Big Eye  Mascara  HF-891,3
Makeup,EC071,Sivanna Fine Holding Liquid EyeLiner HF-977,27
Makeup,EC072,Sivanna Hello Perfect Eyeshadow and Contour HF-178,12
Makeup,EC073,Sivanna My Candy Box Palette HF-150,2
Makeup,EC074,Sivanna Dual Volume Mascara HF-9020,3
Makeup,EC076,Odbo MIni Eye Shadow & Blush OD-1045,6
Makeup,EC077,Odbo Beauty In One Eye Shadow OD-1006,12
Makeup,EC083,Odbo Must Have Skinny Mascara OD-936,5
Makeup,EC085,Odbo Highlight & Contour OD-138,3
Makeup,EC090,Odbo Cloudy Lasting Blush OD-1306,12
Makeup,EC092,Odbo Mini Ribbon Brow Kit OD-777,24
Makeup,EC095,Odbo Layering Eyebrow Powder OD-7018,12
Makeup,EC096,Odbo Hug Me Eyeshadow OD-2006,18
Makeup,EC101,Ashley Eye Area Wood Pencil AP-006,182
Makeup,EC102,BSC Eye Brow ခဲတံ B-195,1
Makeup,EC106,OBUSE Eye Brow ကြိုးဆွဲ OP-012,24
Makeup,EC128,Meilinda Auto Eye Brow  ( MD-3041 ),2
Makeup,EC130,Meilinda Quick Eye Liner  ခဲတံ ( MD-3033 ),1
Makeup,EC132,Meilinda Twist Up Eye Liner MC-3077,13
Makeup,EC140,Shiseido Eye Brow ခဲတံ B-120,2
Makeup,EC150,Sivanna Eye Brow Cream HF-5093,1
Makeup,EC160,Odbo Brow Time Only Auto Pencil OD-7016,1
Makeup,FP008,Now How Fluffy Face Powder B-180,3
Makeup,FP011,Revlon New Complexion Loose Face Powder,1
Makeup,FP015,ARTY Face Powder ( B-200 ),6
Makeup,FP020,Sivanna Super Cover Loose Powder HF-6050,6
Makeup,FP022,Sivanna Face Powder မဲ F-010,7
Makeup,FP024,Sivanna Soft Touch 4 in 1 Loose Powder HF-655,6
Makeup,FP025,Danos Loose Powder ( New ),6
Makeup,FP028,KMA Transparent Loose Powder ( B-390 ),2
Makeup,FP040,Gina Glam Matte Loose Powder G-59,6
Makeup,GF243,Giffarine Magic Lip B-125,2
Makeup,GF265,Giffarine Glamorous 2-Way Puff B-780,1
Makeup,GF281,Giffarine Loose Powder ညို B-220,1
Makeup,GF282,Giffarine Crystalline Translucent Loose Powder ( 50g ) B-340,2
Makeup,HG051,Cathy Doll CC Cream ( 50ml ),3
Makeup,LP001,"Baby Bright Velvet ,Vit C Tint Lip",1
Makeup,LP002,"Baby Bright Primer Powder Tint , Mask Friendly Lip Tint",12
Makeup,LP004,"Baby Bright , Cathy Doll Matte Lip",27
Makeup,LP007,Clinique Lip Stick,26
Makeup,LP011,Carmex Cupcake Batter Moisturizing Lip Balm,1
Makeup,LP012,Carmex Classic Medicated Lip Balm,2
Makeup,LP018,Golden Rose Velvet Matte Lip,3
Makeup,LP032,Maybelline Super Stay Vinyl Ink Lip,1
Makeup,LP035,Maybelline Super Stay Lip,28
Makeup,LP040,Nee Cara Long Lasting Lipstick N-346,2
Makeup,LP049,Odbo Jelly Gloss Lip Tint OD-5010,28
Makeup,LP057,Gina Glam Matte Lip G-37,36
Makeup,LP059,Gina Glam Charm Imprint Lip Tint G-10,1
Makeup,LP066,Polabis Lip Stick,16
Makeup,LP073,Revlon Super Lustrous Matte Lip,3
Makeup,LP076,Revlon Color Burst Lip Stick,1
Makeup,LP077,Revlon Super Lustrous Lip,13
Makeup,LP079,Sivanna Silk Matte Lip HF-360,36
Makeup,LP082,Sivanna Color Changing Lipstick HF-5113,12
Makeup,LP084,Sivanna Soft Blur Lip Pencil HF-707,2
Makeup,LP086,Sivanna Dear Darling Lip Tint ST-001,24
Makeup,LP088,Sivanna Kiss Me Lip HF-688,37
Makeup,LP089,Sivanna Cocoa Tattoo Tint HF-637,2
Makeup,LP090,Sivanna Cute Bear Lip Tint HF-961,8
Makeup,LP091,Vaseline Rosy  Lip Stick,24
Makeup,LP092,Vaseline Color Care Lip,21
Makeup,LP100,Sheene Lip ဆီ,1
Makeup,LS056,Loreal True Match Puff,3
Makeup,LS057,Loreal True Match Perfecting Powder,1
Makeup,LS062,Loreal True Match Foundation ( 30ml ),8
Makeup,LS063,Loreal Infallible High Coverage Powder,5
Makeup,LS065,Loreal Infallible 32H Liquid Foundation ( 30ml ),5
Makeup,LS110,Maybelline Super Stay 30H Foundation SPF 16 ( 30ml ),8
Makeup,LS113,Maybelline Fit Me Foundation ( 30ml ),7
Makeup,LS114,Maybelline Fit Me Puff,6
Makeup,LS115,Maybelline Fit Me Concelar,1
Makeup,LS118,Maybelline Fit Me Matte Powder Puff အဝိုင်း ( New ),6
Makeup,MC016,Amazing Make Up,1
Makeup,MC020,VOV မိတ်ကပ်ခဲ,4
Makeup,MC050,Promina  Make Up B-95,1
Makeup,MC051,Promina  Make Up B-75,12
Makeup,MF012,Cute Press Magic Cover မိတ်ကပ်ရည် ( 30g ),5
Makeup,MF018,ZHE Long Wear Liquid Foundation ( 30ml ),11
Makeup,MF024,KMA မိတ်ကပ်ရည် ( 30ml ) B-360,4
Makeup,MF025,KMA Water Resist Liquid Foundation New ( B-420 ),1
Makeup,MF027,Golden Rose Satin Smoothing Fluid Foundation ( 43ml ),1
Makeup,MF030,Gina Glam Double Wear Foundation ( 30ml ) G-45,15
Makeup,MF034,Nee Cara Hydrating Primer Pore Minimizing N-794,6
Makeup,MF035,Nee Cara Ultra Cover Liquid Foundation ( 30ml ) N-589,24
Makeup,MF037,Odbo Easy Touch Concealer ( 3ml ) OD-424,13
Makeup,MF043,Odbo Weightless Liquid Foundation OD-4000,3
Makeup,MF045,Odbo Soft Focus Base Tint OD-4004,12
Makeup,MF046,Odbo Fix Stick Concelar & Shading OD-450,13
Makeup,MF052,Sivanna Hydrating + Pore Minimizing Face Primer HF-5086,7
Makeup,MF054,Sivanna Full Cover Oil Free Matte Foundation HF-5087,1
Makeup,MF057,Sivanna Double Wear Nude Water Fresh Foundation HF-1014,12
Makeup,MF058,Sivanna Super Cover Foundation HF-8127,12
Makeup,MF061,Sivanna Born To Glow Naturally Radiant Foundation HF-5106,24
Makeup,MF062,Sivanna Dewy Foundation Cushion HF-656,3
Makeup,MF063,Sivanna Super Cover Wonder Stick HF-626,9
Makeup,MF065,SASHA Flawless Foundation ( 40g ),4
Makeup,MF086,Mille Perfect Skin Serum Hyaluron Foundation ( 6g ),1
Makeup,MF120,Revlon Colorstay Foundation ( 30ml ),1
Makeup,PU002,About U 2 Way Puff,1
Makeup,PU003,Butae' Super Oil Control Powder Puff,36
Makeup,PU004,"Butae' C & E , Hya-C Powder Puff",1
Makeup,PU013,Cathy Doll CC Puff,12
Makeup,PU019,Cute Press Magic Cover Puff,2
Makeup,PU021,Cute Press  Beautiful 1-2  Airy Matte Puff B-299,1
Makeup,PU024,Amazing Whitening Foundation Powder Puff   မဲ,6
Makeup,PU028,Cute Press Evory VE  Puff B-275,7
Makeup,PU036,Celina Puff,26
Makeup,PU052,Gina Glam Matte Stay Puff G-40,3
Makeup,PU070,Judong Baby Powder Puff,1
Makeup,PU076,KMA Light Setting Powder,2
Makeup,PU116,Now How Final Powder Puff B-180,1
Makeup,PU140,Revlon Colorstay Puff,3
Makeup,PU143,Revlon Age  Defying Puff,4
Makeup,PU165,Sivanna Super Cover Puff HF-201,11
Makeup,PU172,Sivanna Natural & Delicate Powder Puff HF-689,1
Makeup,PU180,Sivanna Soft Touch Compact Powder HF-1022,12
Makeup,PU197,Zendori Baby Powder Puff,20
Makeup,SS078,Shiseido Fancy Powder,2
Masuri,8802070701649,Masuri Crystal Clear Emulsion ( 150ml ),2
Masuri,8802070701663,Masuri Crystal Clear Cream ( 50g ),3
Masuri,8802070701670,Masuri Crystal Clear Facial Foam ( 150ml ),1
Masuri,8802070701915,Masuri Men Foam ( 150ml ),6
Masuri,8802070701922,Masuri Men Essence ( 150ml ),9
Masuri,8802070703421,Masuri Aqua Sun Cream SPF 50 ( 50g ),17
Masuri,8802070710320,Masuri Aqua Collagen Serum Sun Milk SPF 50 ( 50g ),5
Masuri,8809326331193,Masuri Green Tea Yellow Soil Foam ( 180ml ),5
Masuri,8809326331209,Masuri Probiotic Kiwi Yogurt Foam ( 180ml ),4
Masuri,8809326331216,Masuri Gluta Berry C Facial Foam ( 180ml ),7
Masuri,8809326331575,Masuri Red Wine Pore Control Emulsion ( 150ml ),6
Masuri,8809872440455,"Masuri AHA, BHA, LHA Cica Clay Clay Foam ( 180ml )",6
Masuri,8809872440462,Masuri Aqua Collagen Facial Foam ( 180ml ),5
Masuri,8809943670217,Masuri Tinted Glow Moisture Balm,1
Masuri,8809975192037,Masuri Gluta Glow Ampoule Serum ( 30ml ),4
Masuri,8809975192038,Masuri Aqua Collagen Ampoule Serum ( 30ml ),5
Masuri,8809975192039,Masuri Revital Concentrate Serum ( 30ml ),3
Masuri,MS000004,Masuri Aqua Collagen Serum Sun Milk SPF 50 Mini,4
Masuri,MS000005,Masuri UV Sun Cream Mini,4
Maybelline,041554433821,Maybelline Fit Me Matt Poreless Pressed Powder,1
Maybelline,6902395682943,Maybelline Super Stay Matt Ink Lip,1
Maybelline,6902395832324,Maybelline Baby Lip Color,1
Maybelline,6923492584206,Maybelline Hyper Curl Water Proof Mascara,1
Meishoku,4513574012752,Meishoku Horse Oil Shampoo ( 600ml ),1
Meishoku,4513574031302,Meishoku Hatomugi Acne Foam ( 130g ),1
Meishoku,4513574033955,Meishoku Hatomugi UV Gel SPF 50 ( 80ml ),1
Meishoku,4513574036734,"Meishoku Deve Charcoal, Amino, Clay Face Wash ( 170g )",1
Nivea,NV029,Nivea Roll On  အစုံ ( 50ml ),19
Nivea,NV045,Nivea Men Facial Foam ( 100g ) အစုံ,5
Nivea,NV048,Nivea Micro Bubbles Deep Clean Lady Foam ( 100g ),1
Paul Mitchell,PM304,Paul Mitchell Awapuhi Shampoo ( 33.8 ),1
Perfume,AS030,Gillete Foamy Cream ( 175g ),1
Perfume,GF060,Giffarine Jevalin Cologne Spray ( 50ml ) B-420,2
Perfume,PF025,Calvin Klein Be EDT (100ml ),1
Perfume,PF027,Calvin Klein One EDT ( 100ml ),1
Perfume,PF063,Coach Open Road EDT ( 100ml ),1
Perfume,PF066,Clinique Happy Lady EDP ( 100ml ),2
Perfume,PF160,Elizabeth Arden 5th Avenue  (125ml ),3
Perfume,PF171,Estee Lauder Pleasure Lady ( 100ml ) ပန်း,2
Perfume,PF173,Estee Lauder Pleasure Intense ( 100ml ) ခရမ်း,1
Perfume,PF222,Giorgio Armani Code EDT ( 125ml ),1
Perfume,PF224,Giorgio Armani Profudo EDP ( 125ml ),2
Perfume,PF271,Jennifer Lopez Still ( 100ml ),1
Perfume,PF323,Mont Blanc Explorer EDP ( 100ml ),2
Perfume,PF333,Mont Blanc Legend Blue EDP ( 100ml ),2
Perfume,PF370,Versace Eros Flame EDP ( 100ml ),1
Perfume,PF374,Versace Dylan Blue Men EDT ( 100ml ),1
Perfume,PF575,Good Girl EDP ( 7ml ),3
Perfume,PF580,Giorgio Armani Gio Acqua Di Profondo EDP ( 15ml ),1
Perfume,PF581,Giorgio Armani Gio ဖြူ EDT ( 15ml ),1
Perfume,PF590,Giorgio Armani My Way EDP ( 15ml ),1
Perfume,PF648,Versace Absolu EDP ( 5ml ),3
Perfume,PF649,Versace Crystal Noir EDT ( 5ml ),3
Perfume,PF654,Versace Bright Crystal EDT ( 5ml ),3
Perfume,PF666,YSL Black Opium EDP ( 10ml ),1
Perfume,PF741,BSC Nook Musk Oil ( 10ml ),1
Perfume,PF803,Amby EDT ( 100ml ),1
Perfume,PF807,JC EDT ( 100ml ),3
Perfume,PF810,Janua Official Sexy On The Beach EDP ( 30ml ),1
Perfume,PF812,Rasasi Blue Lady ( 40ml ),3
Perfume,PF813,Rasasi Blue For Men ( 100ml ),6
Perfume,PF818,EH OASIS EDP ( 50ml ),1
Perfume,PF823,Golden Rose Roxanne Arete ( 100ml ),2
Perfume,PF826,Roxanne RATNA Perfume EDP ( 80ml ),3
Perfume,PF831,Cute Press Sweet Musk Perfume ( 35ml ) B-429,3
Perfume,PF832,Cute Press Just Me Perfume ( 35ml ) B-429,3
Perfume,PF838,Rasasi Emotion Lady EDP ( 50ml ),3
Perfume,PF839,Rasasi Instincts Perfume Lady EDP ( 50ml ),3
Perfume,PF842,Rasasi Royale Blue Men ( 75ml ),6
Perfume,PF849,"Yardley Perfume EDT ( 100ml, 125ml )",2
Perfume,PF868,Charlie Perfume Silver ( 100ml ),7
Perfume,PF869,Charlie Perfume White ( 100ml ),6
Perfume,PF870,Charlie Perfume Red ( 100ml ),3
Perfume,PF871,Charlie Perfume Blue ( 100ml ),3
Perfume,PF872,Charlie Perfume Gold ( 100ml ),3
Revlon,033000000114,Revlon Nail Enamel,2
Revlon,309970208899,Revlon Illuminance Liquid Foundation ( 30ml ),1
Revlon,309974677059,Revlon Colorstay 24 Hours Foundation ( 30ml ),1
Revlon,309975030044,Revlon Top Speed Hair Color,1
Skin Care,AC098,Luke Eye Patch,1
Skin Care,AC210,Skin She တင်းတိတ် Set,2
Skin Care,AC215,Topicorte တင်းတိတ် ( 15g ),12
Skin Care,BL006,Baby Bright Body Lotion ( 750ml ),3
Skin Care,BL017,Banana Boat Sport Coolzone Sun Spray ( 170g ),1
Skin Care,BL054,Deleaf Pomegranate Gel ( 40ml ),6
Skin Care,BT103,The Ordinary Hyaluronic Acid 2% + B5 ( 30ml ),1
Skin Care,CD097,Lancome Tonique Confort Toner ပန်းရောင် ( 50ml ),1
Skin Care,CD098,Lancome Tonique Confort Toner ပန်းရောင် ( 125ml ),1
Skin Care,CP006,Cute Press Moisture Sun Milk ( 100ml ) B-229,12
Skin Care,CP007,Cute Press Moisture White Milk ( 100ml ) B-249,13
Skin Care,CP054,Cute Press Pure Origin Toner ( 250ml ) B-360,6
Skin Care,CP061,Cute Press Brightening Mineral Facial Mist ( 100ml ) B-99,14
Skin Care,DR007,Dr Somchai Pimper Aloe Vera Cleansing Gel ( 110g ),1
Skin Care,EU005,Eucerin Hyaluron Micellar Water ( 400ml ) B-1100,1
Skin Care,EU029,Eucerin Hyaluron Filler AOX Essence (30ml) B-1800,1
Skin Care,FF008,"Baby Bright Clear & Treat , AHA & Gluta Foam ( 120g )",1
Skin Care,FF010,Cathy Doll Vitamin C Cleansing Gel ( 120ml ),12
Skin Care,FF012,Cathy Doll Cushion Facial Cleanser ( 120ml ),2
Skin Care,FF014,Camella Apricot Foam ( 150g ),1
Skin Care,FF015,Camella Gluta White  Foam ( 150g ),5
Skin Care,FF022,Emami Refreshing Face Wash ( 100g ),1
Skin Care,FF069,Promina Facial Foam ( 150g ),1
Skin Care,FF090,Tea Tree Natural Triple Benefits Facial Foam ( 140g ),14
Skin Care,FF110,Clean & Clear Essentials Oil Control Toner ( 100ml ),12
Skin Care,GF002,Giffarine Honey Acne Cleanser ( 100g ) B-110,1
Skin Care,GF004,Giffarine Balancing Toner ( 100ml ) B-150,6
Skin Care,GF008,Giffarine Bamboo Charcoal Detoxifying Foam ( 100g ) B-160,1
Skin Care,GF010,Giffarine Fresh Yuzu & Vit C Facial Foam ( 75g ) B-139,1
Skin Care,HG061,Cathy Doll Aloe Toner & Essence ( 300ml ),6
Skin Care,HG085,Cathy Doll Whitamin C  Toner & Essence ( 300ml ),6
Skin Care,LS001,Loreal Aura Perfect Day Cream ( 50ml ),2
Skin Care,LS006,Loreal Revital Crystal Essence Water ( 130ml ) ခဲ,3
Skin Care,LS009,Loreal Revital Day Cream ( 50ml ),4
Skin Care,LS010,Loreal Revital Night Cream ( 50ml ),2
Skin Care,LS014,Loreal Revital Triple Day Cream ( 50ml ),3
Skin Care,LS015,Loreal Revital Triple Night Cream ( 50ml ),2
Skin Care,LS026,Loreal Glycolic - Bright Glowing Peeling Toner ( 128ml ),4
Skin Care,LS027,Loreal Glycolic - Bright Day Cream ( 50ml ),2
Skin Care,LS028,Loreal Glycolic - Bright Night Cream ( 50ml ),1
Skin Care,LS029,Loreal Glycolic - Bright Serum ( 30ml ),3
Skin Care,LS030,Loreal Glycolic Bright Day Cream ( 7ml ) အထုပ်,42
Skin Care,LS031,Loreal Glycolic Bright Serum ( 6ml ) အထုပ်,24
Skin Care,LS036,Loreal Face Mask  အစုံ,6
Skin Care,LS043,Loreal 3 in 1 Micellar Water ( 400ml ),3
Skin Care,LS045,Loreal Revitalift Toner ( 200ml ),5
Skin Care,LS048,Loreal Glycolic Bright Facial Foam ( 100ml ),17
Skin Care,LS052,Loreal Aura Perfect Milky Facial Foam ( 100ml ),2
Skin Care,LS068,Srichand Sun Lotion Sunscreen SPF-50 ( 40ml ),1
Skin Care,LS072,Loreal UV Defender Face ( 30ml ),2
Skin Care,LS076,Loreal UV Defender Face ( 5.5ml ) အထုပ်,3
Skin Care,LS077,Rojukiss Red UV SPF -50 ( 40ml ),1
Skin Care,LS080,Loreal UV Defender Sun Repair Invisible Serum SPF-50 ( 30ml ),2
Skin Care,LS122,Maybelline Eye & Lip Make Up Remover ( 40ml ),3
Skin Care,LS147,Namu Snail White Glow Potion ( 150ml ),1
Skin Care,LS207,Vanekaa HYA Collagen Serum ( 120ml ),1
Skin Care,LS209,Vanekaa Aura Sun Cream SPF-50 ( 50g ),1
Skin Care,MC030,Fair & Lovely Cream ( 46g ),3
Skin Care,MF050,Sivanna Rose Cleansing Water ( 180ml ) HF-103,24
Skin Care,NG005,Neutrogena Alcohol Free Toner ( 150ml ),2
Skin Care,NG014,Neutrogena Hydro Boost Water Gel Cream ( 50g ),1
Skin Care,OL008,Olay White Radiance UV Lotion ( 30ml ),5
Skin Care,OL036,Olay Regenist Micro Day Cream ( 50ml ),1
Skin Care,OL044,Olay Luminous Day Cream ( 50ml ),1
Skin Care,OL099,Simple Hydrating Light Moisturiser ( 125ml ),2
Skin Care,OL100,Simple Soothing Facial Toner ( 200ml ),12
Skin Care,OP011,Oriental Princess Lumino White Toning Lotion ( 120ml )B-345,1
Skin Care,OP014,Oriental Princess Lumino White Day Moisture ( 50g )B-485,1
Skin Care,OP030,Oriental Princess Red Cleansing Foam ( 100g )B-335,1
Skin Care,PO103,Pond's Bright Miracle Facial Foam ( 90g ) အစုံ,2
Skin Care,SH324,CeraVe Moisturising Lotion ( 473ml ),1
Skin Care,SH330,Cetaphil Gentle Skin Cleanser ( 250ml ),1
Skin Care,SH331,Cetaphil Gentle Skin Cleanser ( 125ml ),1
Skin Care,SM011,Smooth E White Foam ( 120g ) 4-OZ,1
Skin Care,SS001,Shiseido Essential Energy Hydrating Cream ( 50ml )B-2200,1
Skin Care,SS015,Shiseido Vital Perfection Emulsion RED ( 100ml ) B-4150,1
Skin Care,SS090,Shiseido Anessa Sunblock Tube SPF 50 ( 90ml ) ရွှေ  New,1
Skin Care,SS124,Biore Aqua Sun Block Tube ( 50ml ),2
Skin Care,SS131,Shiseido Perfect Whip Origin Facial Foam ( 120g ),7
Skin Care,SS133,"Shiseido Perfect Whip Acne, Medicated Facial Faoam ( 100g )",5
Skin Care,SS134,Shiseido Perfect Whip Clay Facial Foam ( 120g ),5
Skin Care,SS137,Shiseido Perfect Whip Berry Bright Facial Foam ( 100g ),5
Skin Care,SS175,Shiseido Internal Power Toner ( 150ml ) B-2000,1
Wet n Wild,8800241500138,Wet n Wild Heeyul Anti Hair Loss Tonic ( 100ml ),1
Wet n Wild,8809446652499,Wet n Wild Lebelage Mask All Color,2
Wet n Wild,8809469776929,Wet n Wild Lebelage Cleansing Foam ( 180ml ),1
Wet n Wild,8809624507894,Wet n Wild Lebelage Kiss & Tension Lip Stick,1
Wet n Wild,8809679093748,Wet n Wild Lebelage Water Drop Sleeping Pack ( 100ml ),1
Wet n Wild,8809934860399,Wet n Wild Accine Collagen Travel Set ( 3Pcs ),1
Wet n Wild,8809951050209,Wet n Wild Lebelage Truly Centella Serum ( 35ml ),1
Wet n Wild,WW000013,Wet n Wild Lebelage Premium Gold Essence ( 30ml ),2
Wet n Wild,WW000022,Wet n Wild Lebelage Collagen + Green Tea Skin ( 30ml ),1
Wet n Wild,WW000025,Wet n Wild Cara Perfume Roll On ( 50ml ),1
Wet n Wild,WW000061,Wet n Wild Lebelage Deep Snail Facial Mist ( 120ml ),1
